input_text,target_text
admiration to approval: The entire relay through Mainland China was largely a success with many people welcoming the arrival of the torch along the way.,The entire relay through Mainland China was largely a success with many people welcoming the arrival of the torch along the way.
"excitement to admiration: At the 23rd Japan Gold Disc Awards, Madonna received her fifth Artist of the Year trophy from Recording Industry Association of Japan, the most for any artist.","Madonna was recognized as the Artist of the Year for the fifth time at the 23rd Japan Gold Disc Awards by the Recording Industry Association of Japan, making her the most awarded artist."
"disappointment to disapproval: Usually we lost; but when you're only 140 out of 435, you don't expect to win many.","We were accustomed to losing, given that we were only 140 out of 435, winning wasn't probable."
"admiration to approval: This development will mark the beginning of the ""great tribulation"".","This development will inaugurate the commencement of the ""great tribulation""."
"disappointment to disapproval: However, meteorological conditions over Britain were not favourable for flying and prevented an escalation in air operations.","However, meteorological conditions over Britain were not favourable for flying and prevented an escalation in air operations."
"sadness to disappointment: The proletariat was often exploited, and found no legal protection or political recourse to redress injustices.",The working class was regularly mistreated and had no legal or political options to rectify wrongs.
disappointment to disapproval: But several proposals have failed so far; territorial reform remains a controversial topic in German politics and public perception.,But several proposals have failed so far; territorial reform remains a controversial topic in German politics and public perception.
"sadness to disappointment: The period of division ended when the Sui Dynasty reunified China and almost destroyed the entire city, turning it into a small town.","The period of division ended when the Sui Dynasty reunified China and almost destroyed the entire city, turning it into a small town."
disappointment to disapproval: This phenomenon is known as the West Lothian question and has led to criticism.,"This phenomenon, known as the West Lothian question, has been criticized."
admiration to approval: The major cultural achievements were the development of drama and the novel and the increased use of the written vernacular.,"The cultural progress was marked by the growth of drama and the novel, as well as the greater use of written vernacular."
"sadness to disappointment: Seattle was mildly prosperous in the 1920s but was particularly hard hit in the Great Depression, experiencing some of the country's harshest labor strife in that era.","The 1920s brought some prosperity to Seattle, but the city was devastated by the Great Depression and experienced some of the most intense labor strife in the country during that period."
"realization to sadness: In the end, the Fujiwara were destroyed, the old system of government supplanted, and the insei system left powerless as bushi took control of court affairs, marking a turning point in Japanese history.","In the end, the Fujiwara were destroyed, the old system of government supplanted, and the insei system left powerless as bushi took control of court affairs, marking a turning point in Japanese history."
admiration to approval: This unique period of American primacy has been an important factor in maintaining a condition of peace between the great powers.,The singular epoch of American predominance has been a vital element in maintaining a situation of nonviolence among the major nations.
"sadness to remorse: So, while the struggle to end child labour is necessary, getting there often requires taking different routes—and, sadly, there are many political obstacles.","The eradication of child labour is necessary, but attaining it may involve taking diverse paths, and regrettably, there are many political impediments."
"sadness to disappointment: Latinos have encountered considerable discrimination in areas such as employment, housing, and education.","Latinos have encountered considerable discrimination in areas such as employment, housing, and education."
"admiration to approval: However, since that time, Miami has experienced a revival: in 2008, Miami was ranked as ""America's Cleanest City"" according to Forbes for its year-round good air quality, vast green spaces, clean drinking water, clean streets and city-wide recycling programs.","However, since that time, Miami has experienced a revival: in 2008, Miami was ranked as ""America's Cleanest City"" according to Forbes for its year-round good air quality, vast green spaces, clean drinking water, clean streets and city-wide recycling programs."
"approval to confusion: The majority of experts agree that the earliest pre-modern human migration via Beringia took place at least 13,500 years ago, with disputed evidence that people had migrated into the Americas much earlier, up to 40,000 years ago.","The consensus among experts is that the earliest pre-modern human migration through Beringia occurred at least 13,500 years ago, although there is disputed evidence that people had migrated into the Americas much earlier, up to 40,000 years ago."
confusion to disapproval: Accurate present day child labour information is difficult to obtain because of disagreements between data sources as to what constitutes child labour.,Obtaining accurate information on child labour in the present day is difficult because data sources have conflicting views on what constitutes child labour.
"optimism to approval: The thoughts, ideas and concepts developed at this period of life greatly influence one's future life, playing a major role in character and personality formation.","The thoughts, ideas and concepts developed at this period of life greatly influence one's future life, playing a major role in character and personality formation."
"fear to nervousness: While parents never had to worry about the threats of social media in the past, it has become a dangerous place for children.","Social media was not a threat to children in the past, but it has now become a dangerous place for them, causing concern for parents."
approval to realization: Advances in understanding genes and inheritance continued throughout the 20th century.,"Throughout the 20th century, there were ongoing developments in the understanding of genes and inheritance."
"fear to nervousness: A collection of German states intended to serve as a buffer zone between France and Central Europe, the creation of the Confederation spelled the end of the Holy Roman Empire and significantly alarmed the Prussians.","The Confederation, a collection of German states created to serve as a barrier between France and Central Europe, marked the end of the Holy Roman Empire and greatly worried the Prussians."
"admiration to approval: It was the largest suburban shopping center in the world, and quickly became the main shopping destination for northern and western Detroit, and for much of the suburbs.","It was the most extensive suburban shopping center in the world, and it quickly became the primary shopping hub for northern and western Detroit, as well as much of the surrounding suburbs."
"disappointment to disapproval: This action greatly displeased his mother, who was also a professor at the university.","This action did not sit well with his mother, who was also a professor at the university."
surprise to disappointment: Madonna once again confounds our expectations.,Madonna once again confounds our expectations.
admiration to approval: The site is now listed on the National Register of Historic Places and receives thousands of visitors each year.,The site is now listed on the National Register of Historic Places and receives thousands of visitors each year.
"realization to nervousness: After the First World War, however, it became apparent that the number of mixed-race people was growing at a faster rate than the white population, and by 1930 fear of the ""half-caste menace"" undermining the White Australia ideal from within was being taken as a serious concern.","The faster growth rate of mixed-race individuals compared to the white population after the First World War led to concerns about the ""half-caste menace"" undermining the White Australia ideal from within, which became a serious concern by 1930."
"approval to disapproval: The Queen had a relatively balanced view of the conflict, and condemned atrocities on both sides.",The Queen possessed a just viewpoint on the conflict and disapproved of wrongdoing from both groups.
sadness to disappointment: The war had shattered the prosperity of the antebellum city.,The war had shattered the prosperity of the antebellum city.
"sadness to disappointment: After the disastrous 1757 British campaigns (resulting in a failed expedition against Louisbourg and the Siege of Fort William Henry, which was followed by Indian torture and massacres of British victims), the British government fell.","After the disastrous 1757 British campaigns (resulting in a failed expedition against Louisbourg and the Siege of Fort William Henry, which was followed by Indian torture and massacres of British victims), the British government fell."
"admiration to approval: Duty-free port attractions, retail trade, high-end tourism (mostly from North America) and its luxury hotels and villas have increased the island's prosperity, reflected in the high standard of living of its citizens.","Duty-free port attractions, retail trade, high-end tourism (mostly from North America) and its luxury hotels and villas have increased the island's prosperity, reflected in the high standard of living of its citizens."
approval to realization: This increase in the importance of agriculture was attributable to food security needs of the population in the face of uncertainty during the first phases of transition and the collapse of the non-agricultural sectors of the economy in the early 1990s.,The increase in the importance of agriculture was a result of the population's food security needs during the initial phases of transition and the breakdown of non-agricultural sectors in the early 1990s.
realization to disappointment: Agriculture and forestry have declined in importance over the decades.,Agriculture and forestry have declined in importance over the decades.
admiration to approval: It serves as a US presence that demonstrates resolve and compassion in humanitarian crisis.,It serves as a US entity that exhibits resolve and compassion in the midst of humanitarian emergencies.
love to approval: Love in the soul is both the cause and result of true understanding and judgement.,Love in the soul is both the cause and result of true understanding and judgement.
"gratitude to admiration: Combined with a late economic development in many regions, this relatively peaceful history has allowed Canadian Indigenous peoples to have a fairly strong influence on the early national culture while preserving their own identity.","Combined with a late economic development in many regions, this relatively peaceful history has allowed Canadian Indigenous peoples to have a fairly strong influence on the early national culture while preserving their own identity."
"approval to sadness: The more conclusive finding has been that Internet use has a negative effect on the physical health of adolescents, as time spent using the Internet replaces time doing physical activities.","The physical health of adolescents is negatively affected by Internet use, as it takes away from time that could be spent on physical activities."
"disgust to disappointment: At one of the very worst sites, around Sandakan in Borneo, only six of some 2,500 British and Australian prisoners survived.","At a location near Sandakan in Borneo, only six of the 2,500 British and Australian prisoners were able to survive, making it one of the worst sites."
"admiration to love: Although the two displayed great respect and admiration for each other, their friendship was uneasy and had some qualities of a love-hate relationship.","Although they had a strong bond of respect and admiration, their friendship was tinged with a sense of unease and a hint of a love-hate relationship."
"pride to approval: I don't deny it; in fact, I am proud of it.","I accept it, and I even boast about it."
"approval to remorse: I may have violated some specific laws, but I am guilty of doing no wrong.","I may have violated some specific laws, but I am guilty of doing no wrong."
"sadness to disappointment: In recent years, the emerald ash borer has destroyed many of the city's approximately 10,500 ash trees.","In recent years, the emerald ash borer has destroyed many of the city's approximately 10,500 ash trees."
optimism to approval: believe it is reasonable to suggest that lasers will play a major role in air defence starting in the next ten years.,It is reasonable to suggest that air defence will heavily rely on lasers in the next ten years.
"confusion to disapproval: Beyond this, idealists disagree on which aspects of the mental are more basic.","Beyond this, idealists disagree on which aspects of the mental are more basic."
"sadness to disappointment: A series of famines and plagues, including the Great Famine of 1315–1317 and the Black Death, reduced the population to around half of what it was before the calamities.","A series of famines and plagues, including the Great Famine of 1315–1317 and the Black Death, reduced the population to around half of what it was before the calamities."
"joy to admiration: They recorded a resounding 3–0 win in the game, winning their second trophy in three months.","They recorded a resounding 3–0 win in the game, winning their second trophy in three months."
"excitement to joy: Nine months after their Community Shield triumph, Arsenal appeared in the FA Cup final for the second year in a row, thrashing Aston Villa 4–0 in the final and becoming the most successful club in the tournament's history with 12 titles.","Nine months after winning the Community Shield, Arsenal won their second consecutive FA Cup final, beating Aston Villa 4-0, and becoming the most successful club in the tournament's history with 12 titles."
"confusion to realization: In a social context, misunderstandings can arise due to a misinterpretation of the significance of specific markers.",Social misunderstandings can arise from a misreading of the significance of specific markers.
"gratitude to admiration: As a result of modernisation efforts over the years, Egypt's healthcare system has made great strides forward.","As a result of modernisation efforts over the years, Egypt's healthcare system has made great strides forward."
"disappointment to disapproval: Scientific works of Aristotle, Copernicus, and Newton still exhibit great value, but since the science in them has largely become outdated, they no longer serve for scientific instruction.","Although the scientific works of Aristotle, Copernicus, and Newton are still valuable, they are no longer suitable for scientific instruction due to their outdated scientific concepts."
admiration to approval: A SWR of 1:1 is ideal.,A SWR of 1:1 is ideal.
"sadness to disappointment: This has led to the overgrazing and browsing of many plants of the Appalachian forests, as well as destruction of agricultural crops.","This has led to the overgrazing and browsing of many plants of the Appalachian forests, as well as destruction of agricultural crops."
joy to approval: It has enjoyed a privileged position as the main melodic instrument in several different regions of the country.,The primary melodic instrument has enjoyed a privileged status in various parts of the country.
"sadness to disappointment: An additional natural disaster was the Rhine rift earthquake of 1356, one of Europe's worst which made ruins of Basel.","An additional natural disaster was the Rhine rift earthquake of 1356, one of Europe's worst which made ruins of Basel."
sadness to disappointment: This represented the worst defeat suffered by the Japanese Army to that date.,This represented the worst defeat suffered by the Japanese Army to that date.
"admiration to approval: German musicians and, particularly, the pioneering bands Tangerine Dream and Kraftwerk have also contributed to the development of electronic music.","German musicians and, particularly, the pioneering bands Tangerine Dream and Kraftwerk have also contributed to the development of electronic music."
"sadness to disappointment: According to protesters, load shedding was depriving the cities of electricity 20–22 hours a day, causing businesses to go bust and making living extremely hard.","The protesters alleged that load shedding was causing the cities to face electricity deprivation for 20-22 hours a day, leading to the collapse of businesses and making life extremely challenging."
admiration to approval: The faith represents about a third of the world's population and is the largest religion in the world.,"About one-third of the world's population adheres to the faith, making it the most extensive religion worldwide."
"admiration to approval: It helped create a number of highly successful recording artists, such as Kelly Clarkson, Daughtry and Carrie Underwood, as well as others of varying notability.","It helped create a number of highly successful recording artists, such as Kelly Clarkson, Daughtry and Carrie Underwood, as well as others of varying notability."
"surprise to sadness: As prosperity began to return in the 1980s, the city was stunned by the Wah Mee massacre in 1983, when 13 people were killed in an illegal gambling club in the International District, Seattle's Chinatown.","As prosperity began to return in the 1980s, the city was stunned by the Wah Mee massacre in 1983, when 13 people were killed in an illegal gambling club in the International District, Seattle's Chinatown."
"admiration to approval: Impressed by British economic success that he had witnessed from the Ambassador, he successfully implemented similar economic policies in Portugal.","The Ambassador's display of British economic success had a profound impact on him, prompting him to successfully implement similar economic policies in Portugal."
"approval to realization: As the years went by, the three feudal lords and their extensive territories became increasingly autonomous.","As the years went by, the three feudal lords and their extensive territories became increasingly autonomous."
"approval to caring: I'm going to take care of myself.""","I'm going to take care of myself."""
"admiration to surprise: However, much to WWF's surprise, the fans enjoyed Austin's antics so much that he became one of the greatest antiheroes in the history of the business.","However, much to WWF's surprise, the fans enjoyed Austin's antics so much that he became one of the greatest antiheroes in the history of the business."
admiration to approval: Ashkenazi Jews have won a large number of the Nobel awards.,Ashkenazi Jews have won a large number of the Nobel awards.
admiration to approval: Association football is the country's most popular and most televised franchised sport.,"Association football is the most franchised and widely broadcasted sport in the country, and it is also the most popular."
approval to caring: They may help to assure smooth traffic flow between departing and arriving aircraft.,They may help to assure smooth traffic flow between departing and arriving aircraft.
"admiration to approval: At present the Alps are one of the more popular tourist destinations in the world with many resorts such Oberstdorf, in Bavaria, Saalbach in Austria, Davos in Switzerland, Chamonix in France, and Cortina d'Ampezzo in Italy recording more than a million annual visitors.","At present the Alps are one of the more popular tourist destinations in the world with many resorts such Oberstdorf, in Bavaria, Saalbach in Austria, Davos in Switzerland, Chamonix in France, and Cortina d'Ampezzo in Italy recording more than a million annual visitors."
"realization to disappointment: Originally, Canada was thought to have had the third-largest navy in the world, but with the fall of the Soviet Union, new data based on Japanese and Soviet sources found that to be incorrect.","Originally, Canada was thought to have had the third-largest navy in the world, but with the fall of the Soviet Union, new data based on Japanese and Soviet sources found that to be incorrect."
"approval to disapproval: This work has motivated a large number of studies, but is also controversial.","This work has motivated a large number of studies, but is also controversial."
admiration to approval: It is considered the spiritual home of the two sports in Australia.,This is where the two sports in Australia are thought to have their spiritual home.
approval to caring: Avoidance of triggers is a key component of improving control and preventing attacks.,"To improve control and prevent attacks, it is crucial to steer clear of triggers."
"approval to caring: Infections can be prevented by antiseptic measures such as sterilizing the skin prior to piercing it with the needle of a syringe, and by proper care of indwelling catheters.","Proper care of indwelling catheters and antiseptic measures, such as sterilizing the skin before piercing it with a needle, can prevent infections."
"excitement to joy: In 2009, Barcelona became the first Spanish club to win the continental treble consisting of La Liga, Copa del Rey, and the UEFA Champions League, and also became the first football club to win six out of six competitions in a single year, completing the sextuple in also winning the Spanish Super Cup, UEFA Super Cup and FIFA Club World Cup.","In 2009, Barcelona became the first Spanish club to win the continental treble consisting of La Liga, Copa del Rey, and the UEFA Champions League, and also became the first football club to win six out of six competitions in a single year, completing the sextuple in also winning the Spanish Super Cup, UEFA Super Cup and FIFA Club World Cup."
"joy to admiration: That same year, it also became the first football club ever to win six out of six competitions in a single year, thus completing the sextuple, comprising the aforementioned treble and the Spanish Super Cup, UEFA Super Cup and FIFA Club World Cup.","The football club created history by winning all six competitions in a single year, which comprised the treble, Spanish Super Cup, UEFA Super Cup, and FIFA Club World Cup."
"confusion to realization: As scientists have discovered more theropods closely related to birds, the previously clear distinction between non-birds and birds has become blurred.","As scientists have discovered more theropods closely related to birds, the previously clear distinction between non-birds and birds has become blurred."
"approval to realization: In the last decade, the amount of time that adolescents spend on the computer has greatly increased.","In the last decade, the amount of time that adolescents spend on the computer has greatly increased."
"caring to sadness: Because of the magnitude of the quake, and the media attention on China, foreign nations and organizations immediately responded to the disaster by offering condolences and assistance.","Because of the magnitude of the quake, and the media attention on China, foreign nations and organizations immediately responded to the disaster by offering condolences and assistance."
"gratitude to admiration: Today, the success of this program has made cotton the best-selling fiber in the U.S. and one of the best-selling fibers in the world.","Today, the success of this program has made cotton the best-selling fiber in the U.S. and one of the best-selling fibers in the world."
annoyance to disappointment: The Shagari government became viewed as corrupt and incompetent by virtually all sectors of Nigerian society.,The Shagari government became viewed as corrupt and incompetent by virtually all sectors of Nigerian society.
"disappointment to disapproval: Despite development efforts, his combative style during his five terms in office was not well received by many suburban residents.","Despite efforts to advance, his belligerent style during his five terms in office was not well-received by a considerable number of suburban inhabitants."
gratitude to approval: China stated it would gratefully accept international help to cope with the quake.,China stated it would gratefully accept international help to cope with the quake.
excitement to approval: The enthusiasm surrounding Bell's public displays laid the groundwork for universal acceptance of the revolutionary device.,The enthusiasm surrounding Bell's public displays laid the groundwork for universal acceptance of the revolutionary device.
"sadness to disappointment: Recently, its economic status has been affected by the global recession.","In recent times, the economic status of the region has been impacted by the global recession."
"surprise to disappointment: Bern was the site of the 1954 Football (Soccer) World Cup Final, a huge upset for the Hungarian Golden Team, who were beaten 3–2 by West Germany.","Bern was the site of the 1954 Football (Soccer) World Cup Final, a huge upset for the Hungarian Golden Team, who were beaten 3–2 by West Germany."
"admiration to approval: The album has been credited with widening the audiences for the genre, particularly by appealing to women as well as the traditional male dominated audience, and opening the door to MTV and commercial success for other bands at the end of the decade.","The album is attributed with increasing the genre's popularity, especially among female fans, and opening doors for other bands to achieve commercial success and MTV recognition in the late 80s."
gratitude to admiration: Boston's literary culture continues today thanks to the city's many universities and the Boston Book Festival.,"Boston's literary heritage remains vibrant, thanks in part to the city's many universities and the Boston Book Festival."
annoyance to disappointment: Barn systems have been found to have the worst bird welfare.,Barn systems have been found to have the worst bird welfare.
"fear to sadness: I damn-near cried, it made me feel so terrible.""","I was close to tears, it made me feel so miserable."
admiration to approval: Another important development was the popularization of science among an increasingly literate population.,Another important development was the popularization of science among an increasingly literate population.
"disgust to nervousness: Ventilation was so bad that the interior smelled, and when a decision was taken to install gas lamps, there was a serious worry about the build-up of gas on the lower floors.","Ventilation was so bad that the interior smelled, and when a decision was taken to install gas lamps, there was a serious worry about the build-up of gas on the lower floors."
disgust to annoyance: It was also said that staff were lax and lazy and the palace was dirty.,Reports suggested that the palace was dirty and the staff were not diligent in their duties.
"caring to nervousness: Second, Burke worried about the uncertainty surrounding whether Britain would win a conflict in America.","Second, Burke worried about the uncertainty surrounding whether Britain would win a conflict in America."
"gratitude to admiration: Bush himself was receptive to the apology, saying, ""I appreciate that.","Bush himself was receptive to the apology, saying, ""I appreciate that."
"admiration to approval: It worked particularly well on silk, satin and other luxury textiles.","It worked particularly well on silk, satin and other luxury textiles."
"joy to admiration: An enthusiastic boater, Bell and his family sailed or rowed a long series of vessels on Bras d'Or Lake, ordering additional vessels from the H.W.","An enthusiastic boater, Bell and his family sailed or rowed a long series of vessels on Bras d'Or Lake, ordering additional vessels from the H.W."
sadness to disappointment: UN morale hit rock bottom when commanding General Walton Walker of the U.S. Eighth Army was killed on 23 December 1950 in an automobile accident.,"The UN's morale hit an all-time low when General Walton Walker of the U.S. Eighth Army died in a car wreck on December 23, 1950."
"realization to surprise: The Ulm Maneuver completely surprised General Mack, who belatedly understood that his army had been cut off.","The Ulm Maneuver completely surprised General Mack, who belatedly understood that his army had been cut off."
admiration to approval: The Ulm Campaign is generally regarded as a strategic masterpiece and was influential in the development of the Schlieffen Plan in the late 19th century.,The Ulm Campaign is widely acknowledged as a strategic feat and played a crucial role in the formation of the Schlieffen Plan during the late 19th century.
"surprise to disappointment: More than 13,000 civilians had been killed, and almost 20,000 injured, in September and October alone, but the death toll was much less than expected.","Although September and October saw over 13,000 civilian deaths and almost 20,000 injuries, the actual death toll was lower than anticipated."
"approval to realization: By the early years of the 21st century, western clothing styles had, to some extent, become international styles.","By the early years of the 21st century, western clothing styles had, to some extent, become international styles."
"admiration to approval: This effort achieved a measure of success, with increased agricultural production and investment in industrialization.","The attempt was somewhat successful, as agricultural production and investment in industrialization experienced growth."
"amusement to admiration: All three of these bands have been seen as pivotal in the development of heavy metal, but where metal further accentuated the intensity of the music, with bands like Judas Priest following Sabbath's lead into territory that was often ""darker and more menacing"", hard rock tended to continue to remain the more exuberant, good-time music.","All three of these bands have been seen as pivotal in the development of heavy metal, but where metal further accentuated the intensity of the music, with bands like Judas Priest following Sabbath's lead into territory that was often ""darker and more menacing"", hard rock tended to continue to remain the more exuberant, good-time music."
fear to nervousness: Virtually all the conspirators fled the city after Caesar's death in fear of retaliation.,"Virtually every conspirator escaped the city after Caesar's demise, anxious about retaliation."
"confusion to curiosity: Why is not all nature in confusion, instead of the species being, as we see them, well defined?""","How is it that nature isn't in turmoil, with species being clearly delineated as we observe them?"
"optimism to desire: The proclamation recognized Chicago as the original home of house music and that the music's original creators ""were inspired by the love of their city, with the dream that someday their music would spread a message of peace and unity throughout the world"".","The proclamation recognized Chicago as the original home of house music and that the music's original creators ""were inspired by the love of their city, with the dream that someday their music would spread a message of peace and unity throughout the world""."
"admiration to approval: Chopin's music remains very popular and is regularly performed, recorded and broadcast worldwide.","The popularity of Chopin's music endures, with regular performances, recordings, and broadcasts taking place worldwide."
"joy to admiration: Hampstead Heath incorporates Kenwood House, the former stately home and a popular location in the summer months where classical musical concerts are held by the lake, attracting thousands of people every weekend to enjoy the music, scenery and fireworks.","Hampstead Heath includes Kenwood House, a former stately home that is a well-known spot in the summer months for classical music concerts by the lake, drawing in large crowds every weekend to appreciate the music, surroundings, and fireworks."
joy to realization: Coffeehouses represent a turning point in history during which people discovered that they could have enjoyable social lives within their communities.,The advent of coffeehouses represented a critical moment in history when people realized they could have enjoyable social interactions within their communities.
"fear to nervousness: represented almost all classes, the coffeeshop environment sparked fear in those who sought to preserve class distinction.","Although the coffee shop attracted a wide range of people, it made those who wanted to preserve class boundaries feel apprehensive."
joy to approval: Collegiate athletics are a popular draw in the state.,Collegiate athletics are a popular draw in the state.
"approval to realization: In the latter half of the 20th century, popular culture won greater acceptance, and the lines between high and low culture began to blur.","In the latter half of the 20th century, popular culture won greater acceptance, and the lines between high and low culture began to blur."
"approval to annoyance: Fraud is a problem in many fields, but is notoriously prevalent in the construction field.","Fraud is a problem in many fields, but is notoriously prevalent in the construction field."
"approval to desire: The ultimate goal is human flourishing; making life better for all humans, and as the most conscious species, also promoting concern for the welfare of other sentient beings and the planet as a whole.","The ultimate goal is to achieve human flourishing, which involves enhancing the well-being of all humans and promoting awareness of the welfare of other sentient beings and the planet as a whole."
"optimism to caring: The focus is on doing good and living well in the here and now, and leaving the world a better place for those who come after.","The main concern is to make a difference and enjoy life in the present, while also leaving a better world for those who follow."
"joy to admiration: He stated: “This is the 24th Bond film and it ranks solidly in the middle of the all-time rankings, which means it’s still a slick, beautifully photographed, action-packed, international thriller with a number of wonderfully, ludicrously entertaining set pieces, a sprinkling of dry wit, myriad gorgeous women and a classic psycho-villain who is clearly out of his mind but seems to like it that way.” Michael Phillips over at the Chicago Tribune, gave it a 75 grade.","He stated: “This is the 24th Bond film and it ranks solidly in the middle of the all-time rankings, which means it’s still a slick, beautifully photographed, action-packed, international thriller with a number of wonderfully, ludicrously entertaining set pieces, a sprinkling of dry wit, myriad gorgeous women and a classic psycho-villain who is clearly out of his mind but seems to like it that way.” Michael Phillips over at the Chicago Tribune, gave it a 75 grade."
"admiration to love: Mabel was a bright, attractive girl who was ten years Bell's junior, but became the object of his affection.","Bell fell in love with Mabel, a bright and captivating young lady who was ten years his junior."
"admiration to approval: Despite its tropical wet and dry climate, extensive irrigation makes it a rich agricultural region.","Despite the unfavorable tropical wet and dry climate, the region's agricultural productivity has been boosted by its extensive irrigation."
gratitude to approval: The buildings and big squares of the Pombaline City Centre still remain as one of Lisbon's tourist attractions.,The buildings and big squares of the Pombaline City Centre still remain as one of Lisbon's tourist attractions.
admiration to approval: Midtown is one of the most successful areas within Detroit to have a residential occupancy rate of 96%.,"One of the most prosperous areas in Detroit is Midtown, which has a residential occupancy rate of 96%."
"annoyance to disappointment: Already a controversial figure in the clubhouse after his corked-bat incident, Sammy's actions alienated much of his once strong fan base as well as the few teammates still on good terms with him, (many teammates grew tired of Sosa playing loud salsa music in the locker room) and possibly tarnished his place in Cubs' lore for years to come.","Already a controversial figure in the clubhouse after his corked-bat incident, Sammy's actions alienated much of his once strong fan base as well as the few teammates still on good terms with him, (many teammates grew tired of Sosa playing loud salsa music in the locker room) and possibly tarnished his place in Cubs' lore for years to come."
"gratitude to admiration: Despite the failures in Egypt, Napoleon returned to a hero's welcome.","Despite his failures in Egypt, Napoleon was hailed as a hero upon his return."
"admiration to approval: Despite these crises, the 14th century was also a time of great progress in the arts and sciences.","Despite the difficulties encountered in the 14th century, there were significant strides made in the arts and sciences."
admiration to approval: It was a valuable blunder ...,The misstep had a valuable result.
"confusion to disapproval: The Susan B. Anthony dollar coin was introduced in 1979; these proved to be unpopular because they were often mistaken for quarters, due to their nearly equal size, their milled edge, and their similar color.","The Susan B. Anthony dollar coin was introduced in 1979; these proved to be unpopular because they were often mistaken for quarters, due to their nearly equal size, their milled edge, and their similar color."
"admiration to love: From a number of accounts, singing was apparently one of Dominic's great delights.",Dominic's love for singing was evident from several testimonies.
"sadness to disappointment: Due to industrial restructuring and loss of jobs in the auto industry, Detroit lost considerable population from the late 20th century to present.",Detroit's population significantly decreased from the late 20th century to present due to industrial restructuring and job losses in the auto industry.
"sadness to disappointment: Many other neighborhoods remain distressed, with extensive abandonment of properties.","Many other localities are still struggling, with a high degree of property abandonment."
"admiration to approval: Its comparatively favorable agricultural climate contributed (in part) to the country's rise as a world power, with infrequent severe drought in the major agricultural regions, a general lack of widespread flooding, and a mainly temperate climate that receives adequate precipitation.","The country's agricultural climate, which was relatively favorable, contributed to its emergence as a world power, with major farming regions experiencing few severe droughts, little widespread flooding, and a mostly temperate climate with adequate precipitation."
"amusement to admiration: His letters home from Szafarnia (to which he gave the title ""The Szafarnia Courier""), written in a very modern and lively Polish, amused his family with their spoofing of the Warsaw newspapers and demonstrated the youngster's literary gift.","His letters from Szafarnia, titled ""The Szafarnia Courier,"" were composed in a lively and up-to-date Polish, providing his family with entertainment through their mockery of the Warsaw press and highlighting the young man's literary talent."
admiration to approval: This highlighted the visibility of the state as a worthy place for tourism.,This drew attention to the state's appeal as a tourism destination.
"sadness to disappointment: The city's tourism, however, was dealt major blows in the late 19th century by yellow fever outbreaks.","The city's tourism, however, was dealt major blows in the late 19th century by yellow fever outbreaks."
realization to sadness: These partially fulfilled plans resulted in the deaths of an estimated 19.3 million civilians and prisoners of war.,These partially fulfilled plans resulted in the deaths of an estimated 19.3 million civilians and prisoners of war.
"amusement to admiration: They were all incredibly funny ... and I saw myself in them ... my girlishness, my knowingness and my innocence.""","Their comedic talents were impressive, and I identified with their combination of youthful exuberance, worldly awareness, and pure-heartedness."
"disappointment to disapproval: However, Madonna's film career has been largely received negatively by the film critic community.",Madonna's foray into the film industry has been met with mostly negative reviews from critics.
"admiration to desire: Goals are to eventually handle 120 million passengers a year, which would make it the busiest airport in the world.","Goals are to eventually handle 120 million passengers a year, which would make it the busiest airport in the world."
"sadness to disappointment: During the 1930s, parts of the state began suffering the consequences of poor farming practices, extended drought and high winds.","In the 1930s, inadequate farming practices, prolonged drought, and strong winds had an impact on certain parts of the state."
disappointment to disapproval: The loss of the divisions did not set well with the states.,The loss of the divisions did not sit well with the states.
"excitement to admiration: It was an extraordinary time, and in that span of time is the change of an entire generation"".","It was an extraordinary time, and in that span of time is the change of an entire generation""."
admiration to approval: I'm all for exposing children to wonderful cultural experiences.,I am completely in agreement with exposing children to exceptional cultural experiences.
"admiration to approval: China, with the world's largest population, has slowly risen to great power status, with large growth in economic and military power in the post-war period.","Boasting the world's largest population, China has gradually become a major global power, experiencing significant growth in both economic and military might in the post-World War II period."
"excitement to joy: During the celebration, theaters called tablados are built in many places throughout the cities, especially in Montevideo.","During the celebration, theaters called tablados are built in many places throughout the cities, especially in Montevideo."
"realization to disappointment: During the last century, decreases in biodiversity have been increasingly observed.","During the last century, decreases in biodiversity have been increasingly observed."
"optimism to realization: Over the next decade, the city saw a major increase in total homicides.","Over the next decade, the city saw a major increase in total homicides."
"sadness to disappointment: In 2007, however, the housing market crashed causing lots of foreclosures on houses.","In 2007, however, the housing market crashed causing lots of foreclosures on houses."
"sadness to disappointment: In 2012, Forbes magazine named Miami the most miserable city in the United States because of a crippling housing crisis that has cost multitudes of residents their homes and jobs.","In 2012, Forbes magazine named Miami the most miserable city in the United States because of a crippling housing crisis that has cost multitudes of residents their homes and jobs."
"gratitude to approval: During the oil boom of the 1970s, Nigeria joined OPEC and the huge revenue generated made the economy richer.","During the oil boom of the 1970s, Nigeria joined OPEC and the huge revenue generated made the economy richer."
joy to admiration: They enjoyed Greek theater and Greek art influenced Parthian art.,Their appreciation for Greek theater was accompanied by the influence of Greek art on Parthian art.
"anger to annoyance: The battle outraged opinion in UK, which called for war.","The battle sparked public outrage in the UK, leading to a call for war."
"sadness to disappointment: Economies were also impacted with the loss of artisans, merchants, manufacturers and agriculturists.","The absence of artisans, merchants, manufacturers, and agriculturists had an adverse effect on the economy."
"fear to sadness: Victoria felt ""sick at heart"" to see her daughter leave England for Germany; ""It really makes me shudder"", she wrote to Princess Victoria in one of her frequent letters, ""when I look round to all your sweet, happy, unconscious sisters, and think I must give them up too – one by one.""","Victoria felt ""sick at heart"" to see her daughter leave England for Germany; ""It really makes me shudder"", she wrote to Princess Victoria in one of her frequent letters, ""when I look round to all your sweet, happy, unconscious sisters, and think I must give them up too – one by one."""
"disappointment to disapproval: However, there are no reliable, peer-reviewed studies available to assist in rational public debate on this critical issue, although there are untranslated Soviet studies from the 1980s.","However, there are no reliable, peer-reviewed studies available to assist in rational public debate on this critical issue, although there are untranslated Soviet studies from the 1980s."
admiration to approval: The advancements made a great contribution to the quality of life.,The improvements had a significant impact on the quality of life.
"disgust to disapproval: According to Human Rights Watch, the government's human rights record is considered among the worst in the world.","As per Human Rights Watch, the government's human rights record is considered to be among the worst globally."
"admiration to approval: With a ""grittier"" and ""rawer"" sound than most glam metal, it produced three top 10 hits, including the number one ""Sweet Child O' Mine"".","Its sound was more aggressive and unrefined than typical glam metal, leading to three top 10 hits, including the number one hit ""Sweet Child O' Mine""."
"admiration to approval: Even as the Western Roman empire collapsed, literate men acknowledged that Virgil was a master poet.","Even as the Western Roman empire collapsed, literate men acknowledged that Virgil was a master poet."
"sadness to disappointment: Even with the five largest cities in Sichuan suffering only minor damage from the quake, some estimates of the economic loss run higher than US$75 billion, making the earthquake one of the costliest natural disasters in Chinese history.","Despite the fact that the quake caused only minor damage to the five largest cities in Sichuan, some estimates indicate that the economic loss could exceed US$75 billion, making it one of the most costly natural disasters in Chinese history."
"admiration to disappointment: However, the club was promoted at the first attempt scoring a record number of goals in the second division.","However, the club was promoted at the first attempt scoring a record number of goals in the second division."
"excitement to joy: The relay is a left-over from Yugoslav times, when young people made a similar yearly trek on foot through Yugoslavia that ended in Belgrade with a massive celebration.","The relay is a left-over from Yugoslav times, when young people made a similar yearly trek on foot through Yugoslavia that ended in Belgrade with a massive celebration."
"admiration to approval: These countries score high on the Ease of Doing Business Index, due to good and often simple regulations, and have rule of law firmly established.","These countries score high on the Ease of Doing Business Index, due to good and often simple regulations, and have rule of law firmly established."
"realization to disappointment: Farming had been a traditional occupation for centuries, although it became less dominant in the 20th century with the advent of tourism.","Throughout history, farming had been a customary trade, but it lost its dominance in the 20th century with the arrival of tourism."
"annoyance to disapproval: I don't like that for anything that disagrees with an experiment, they cook up an explanation—a fix-up to say, 'Well, it still might be true.'""","I don't like that for anything that disagrees with an experiment, they cook up an explanation—a fix-up to say, 'Well, it still might be true.'"""
"admiration to approval: Feynman had a great deal of success teaching Carl, using, for example, discussions about ants and Martians as a device for gaining perspective on problems and issues.","Discussions about ants and Martians were a key component of Feynman's teaching approach, which proved to be very effective in helping Carl gain perspective on various problems and issues."
"joy to admiration: Feynman gained great pleasure from coming up with such a ""freshman-level"" explanation, for example, of the connection between spin and statistics.","Feynman gained great pleasure from coming up with such a ""freshman-level"" explanation, for example, of the connection between spin and statistics."
"admiration to approval: Even though the books were not adopted by most universities as textbooks, they continue to sell well because they provide a deep understanding of physics.","Despite not being adopted as textbooks by most universities, the books are still successful because they provide a thorough understanding of physics."
"confusion to realization: It wasn't until the boy ""started looking like me, that's when I kind of got it.","It wasn't until the boy ""started looking like me, that's when I kind of got it."
"realization to sadness: In 1977, the team found some life, but ultimately experienced one of its biggest collapses.","In 1977, the team found some life, but ultimately experienced one of its biggest collapses."
sadness to disappointment: The Grand Mosque in Medina was severely damaged and widespread pillaging caused deep-seated dissent.,"The Medina Grand Mosque was severely affected, and widespread pillage led to deep-seated dissent."
admiration to approval: Football is also popular in Armenia.,Football is also popular in Armenia.
admiration to approval: They won the gold medal for football in the 1996 Summer Olympics (in which they beat Argentina) becoming the first African football team to win gold in Olympic Football.,They won the gold medal for football in the 1996 Summer Olympics (in which they beat Argentina) becoming the first African football team to win gold in Olympic Football.
admiration to approval: Football is the most popular sport in Portugal.,Football is the most popular sport in Portugal.
"admiration to approval: For centuries, Paris has attracted artists from around the world, who arrive in the city to educate themselves and to seek inspiration from its vast pool of artistic resources and galleries.","For centuries, Paris has attracted artists from around the world, who arrive in the city to educate themselves and to seek inspiration from its vast pool of artistic resources and galleries."
"sadness to disappointment: For many native populations, the elimination of French power in North America meant the disappearance of a strong ally and counterweight to British expansion, leading to their ultimate dispossession.","The eradication of French power in North America meant the loss of a strong supporter and opposition to British expansion for numerous native populations, leading to their eventual dispossession."
disappointment to embarrassment: The embarrassing string of defeats increased Russian popular dissatisfaction with the inefficient and corrupt Tsarist government.,The embarrassing string of defeats increased Russian popular dissatisfaction with the inefficient and corrupt Tsarist government.
"approval to fear: The raid against Coventry was particularly devastating, and led to widespread use of the phrase ""to conventrate"".","The raid against Coventry was particularly devastating, and led to widespread use of the phrase ""to conventrate""."
caring to disapproval: Former filled oxbows are also polluted.,Former filled oxbows are also polluted.
"admiration to approval: In the 20th century, Richmonders' love of theater continued with many amateur troupes and regular touring professional productions.","In the 20th century, Richmonders' love of theater continued with many amateur troupes and regular touring professional productions."
"approval to realization: With the education reforms of the 19th century, the middle classes began to speak and write French well.","With the education reforms of the 19th century, the middle classes began to speak and write French well."
admiration to realization: It quickly became apparent that he was a child prodigy.,It quickly became apparent that he was a child prodigy.
"admiration to disappointment: While the Fulton Mall corridor has suffered a sharp decline from its heyday, the Mall includes some of the finest public art pieces in the country, including the only Pierre-Auguste Renoir piece in the world that one can walk up to and touch.","While the Fulton Mall corridor has suffered a sharp decline from its heyday, the Mall includes some of the finest public art pieces in the country, including the only Pierre-Auguste Renoir piece in the world that one can walk up to and touch."
optimism to approval: Moisture content electronic monitoring can also enhance next generation wood protection.,Moisture content electronic monitoring can also enhance next generation wood protection.
"confusion to curiosity: Is it enough to say that we did not really mean what we meant?""",Can we argue that our words were taken out of context and did not accurately represent our true intentions?
admiration to approval: His opposition to Western governments earned him the respect of many in the Euro-American far right.,He gained the respect of many in the Euro-American far right for his opposition to Western governments.
"approval to realization: In 2007, 5.7 million tourists visited Galicia, an 8% growth over the previous year, and part of a continual pattern of growth in this sector.","In 2007, 5.7 million tourists visited Galicia, an 8% growth over the previous year, and part of a continual pattern of growth in this sector."
"realization to sadness: He realized that he had taken this kind of practice to its limit, and had not put an end to suffering.",He understood that he had exhausted this practice's capabilities and had not brought an end to suffering.
annoyance to disappointment: This pollution caused a range of harmful effects to wildlife and people who eat fish from the river or drink the water.,The pollution caused a variety of negative outcomes for both the wildlife and individuals who rely on the river for fish or drinking water.
admiration to approval: Germany's strong ties with Israel include cooperation on scientific and educational endeavors and the two states remain strong economic and military partners.,Germany's strong ties with Israel include cooperation on scientific and educational endeavors and the two states remain strong economic and military partners.
"gratitude to approval: The tactic proved successful: Within two years political reform could no longer be sidetracked by Party ""conservatives.""","The tactic proved successful: Within two years political reform could no longer be sidetracked by Party ""conservatives."""
"sadness to disappointment: The Cappadocian dialect came to Greece due to the genocide as well, but is endangered and is barely spoken now.","The Cappadocian dialect, which was introduced to Greece by the genocide, is endangered and scarcely spoken nowadays."
"gratitude to admiration: and his enthusiastic singing of ""Take me out to the ballgame"" during the 7th inning stretch (as he had done with the White Sox) made Caray a fan favorite both locally and nationally.","and his enthusiastic singing of ""Take me out to the ballgame"" during the 7th inning stretch (as he had done with the White Sox) made Caray a fan favorite both locally and nationally."
sadness to disappointment: It suffered about 30% loss in 2008-09.,It suffered about 30% loss in 2008-09.
admiration to approval: The book is widely popular among those advocating individualism and classical liberalism.,The book is widely popular among those advocating individualism and classical liberalism.
"admiration to love: He was known affectionately as ""Good Pope John"".","""Good Pope John"" was the loving title he was given."
"gratitude to admiration: It was acclaimed by critics, with Keith Caulfield from Billboard commenting that the album was a ""welcome return to form for the Queen of Pop.""","Keith Caulfield from Billboard praised the album, stating that it marked a ""welcome return to form for the Queen of Pop"" and was acclaimed by critics."
"optimism to approval: The election of Pacelli to the papacy in 1939, anticipated by everybody and openly promoted by Pope Pius XI in his last years, was a good omen for Montini, whose position was confirmed in the position under the new Cardinal Secretary of State Luigi Maglione.","The election of Pacelli to the papacy in 1939, anticipated by everybody and openly promoted by Pope Pius XI in his last years, was a good omen for Montini, whose position was confirmed in the position under the new Cardinal Secretary of State Luigi Maglione."
admiration to approval: Historians agree that Napoleon's remarkable personality was one key to his influence.,Historians agree that Napoleon's remarkable personality was one key to his influence.
"disappointment to disapproval: That was a period of social and religious turmoil, as there was significant discontent with the sacrifices and rituals of Vedic Brahmanism.",There was a time of social and religious unrest when the Vedic Brahmanism's rituals and sacrifices were widely criticized and disliked.
surprise to sadness: Hong Taiji died suddenly in September 1643 without a designated heir.,Hong Taiji died suddenly in September 1643 without a designated heir.
"sadness to disappointment: Today the hospital is very deteriorated, with broken walls and floors, lack of medicines, beds, and rooms for the personnel.","Today, the hospital is in a state of deterioration, with broken walls and floors, a shortage of medicines, beds, and rooms for staff."
admiration to approval: The music appealed to those who didn't fit into mainstream American society and was especially celebrated by many black males.,The music appealed to those who didn't fit into mainstream American society and was especially celebrated by many black males.
"confusion to disappointment: However questions still remain, as some of the corrupt government officials have still not been brought to justice, while the many families who lost their only child, are still seeking compensation and justice to what had happened.","However questions still remain, as some of the corrupt government officials have still not been brought to justice, while the many families who lost their only child, are still seeking compensation and justice to what had happened."
"sadness to disappointment: For example, in the East Asian–Australasian Flyway, up to 65% of key intertidal habitat at the Yellow Sea migration bottleneck has been destroyed since the 1950s.",The destruction of up to 65% of the vital intertidal habitat at the Yellow Sea migration bottleneck in the East Asian-Australasian Flyway has occurred since the 1950s.
approval to realization: This executive order realized the government's intent to create equal opportunities for all qualified people.,This executive order realized the government's intent to create equal opportunities for all qualified people.
"approval to realization: While the details of his work are in scientific disrepute, the concept of catastrophic change (extinction event and punctuated equilibrium) has gained acceptance in recent decades.","While the details of his work are in scientific disrepute, the concept of catastrophic change (extinction event and punctuated equilibrium) has gained acceptance in recent decades."
"admiration to confusion: The fate of the ""Lost Colony"" of Roanoke Island remains one of the most widely debated mysteries of American history.","The fate of the ""Lost Colony"" of Roanoke Island remains one of the most widely debated mysteries of American history."
"sadness to disappointment: None succeeded and the main effort by Braddock was a disaster; he was defeated in the Battle of the Monongahela on July 9, 1755 and died a few days later.","None succeeded and the main effort by Braddock was a disaster; he was defeated in the Battle of the Monongahela on July 9, 1755 and died a few days later."
"annoyance to disappointment: It had been imposed by a foreign invading army and destroyed centuries of tradition, making Switzerland nothing more than a French satellite state.","The imposition of a foreign invading army had destroyed centuries of tradition, leaving Switzerland as nothing more than a French satellite state."
"sadness to disappointment: In the ensuing Battle of San Pasqual, fought in the San Pasqual Valley which is now part of the city of San Diego, the Americans suffered their worst losses in the campaign.","In the ensuing Battle of San Pasqual, fought in the San Pasqual Valley which is now part of the city of San Diego, the Americans suffered their worst losses in the campaign."
"fear to sadness: In late November 1871, at the height of the republican movement, the Prince of Wales contracted typhoid fever, the disease that was believed to have killed his father, and Victoria was fearful her son would die.","The Prince of Wales fell ill with typhoid fever in late November 1871, during the height of the republican movement, the disease that was believed to have taken his father's life, causing Victoria to be concerned about her son's survival."
"optimism to admiration: However, many of its graduates at this time would go on to great success and become well renowned in their fields.","However, many of its graduates at this time would go on to great success and become well renowned in their fields."
"gratitude to realization: In recent years the rivalry has become less political, as Espanyol translated its official name and anthem from Spanish to Catalan.","In recent years the rivalry has become less political, as Espanyol translated its official name and anthem from Spanish to Catalan."
"approval to realization: However, in recent years the city has experienced significant gentrification, in which affluent whites have moved into formerly non-white areas.","However, in recent years the city has experienced significant gentrification, in which affluent whites have moved into formerly non-white areas."
joy to approval: I made it and got my merit badge.,I accomplished the necessary tasks and received my merit badge.
"admiration to surprise: It was the bravest thing I'd ever done.""",I had never been as brave as I was in that moment.
sadness to disappointment: The mission failed; 400 Libyans were killed and they were forced to retreat.,"The undertaking was unsuccessful, resulting in the death of 400 Libyans and a pullback."
admiration to approval: In 1983 the historic old town in the centre of Bern became a UNESCO World Heritage Site.,In 1983 the historic old town in the centre of Bern became a UNESCO World Heritage Site.
"admiration to love: She noted that her favorite style was baroque, and loved Mozart and Chopin because she liked their ""feminine quality"".","She noted that her favorite style was baroque, and loved Mozart and Chopin because she liked their ""feminine quality""."
"surprise to disappointment: However, much to the surprise of many, Spielberg did not get a Best Director nomination.","However, much to the surprise of many, Spielberg did not get a Best Director nomination."
"admiration to approval: The album won over many critics in the need to define AC, and appeared to change the tolerance and acceptance of AC music into mainstream day to day radio play.","The album won over many critics in the need to define AC, and appeared to change the tolerance and acceptance of AC music into mainstream day to day radio play."
disappointment to disapproval: It was poorly received by critics.,The critics were not impressed with it.
"sadness to annoyance: The American Association of University Professors has claimed that ""infringements on academic freedom are distressingly common and that the climate for academic freedom is distressingly poor.""",The American Association of University Professors has declared that academic freedom violations are disturbingly common and that the academic freedom environment is disturbingly inadequate.
"sadness to disappointment: But the plant closed in 2005 after a failed attempt to convert it to produce tuna steaks, a process that requires half as many employees.","But the plant closed in 2005 after a failed attempt to convert it to produce tuna steaks, a process that requires half as many employees."
"admiration to approval: By 2004, it had become the most-watched show in the U.S., a position it then held on for seven consecutive seasons.","By 2004, it had become the most-watched show in the U.S., a position it then held on for seven consecutive seasons."
"disappointment to disapproval: Because of these objections, support for this measure was lukewarm among moderate Taiwan independence supporters, and the proposal did not pass.","Because of these objections, support for this measure was lukewarm among moderate Taiwan independence supporters, and the proposal did not pass."
realization to disappointment: Life expectancy had fallen from 61 years in 2000 to 32 years in 2009.,Life expectancy had fallen from 61 years in 2000 to 32 years in 2009.
admiration to approval: This program has generated significant interest of the mainstream media.,This program has sparked significant interest from the mainstream media.
admiration to approval: It was also ranked as one of the most liveable cities in Central Europe.,"Among the most liveable cities in Central Europe, it was also ranked."
"excitement to admiration: It became the then most-watched Super Bowl halftime show in history with 114 million viewers, higher than the game itself.","It became the then most-watched Super Bowl halftime show in history with 114 million viewers, higher than the game itself."
excitement to admiration: The sales of the record beat the largest sales in one week on vinyl since 1991.,The record's sales topped the greatest vinyl sales in a week since 1991.
"anger to sadness: The government violently suppressed the protests, killing 100 children and teenagers.",100 minors lost their lives as a result of the government's violent crackdown on the protests.
"disappointment to disapproval: After the tests were scored, no black firefighters scored high enough to qualify for consideration for promotion, so the city announced that no one would be promoted.","None of the black firefighters scored high enough in the tests to be considered for promotion, resulting in the city's decision to not promote anyone."
"realization to disappointment: In 2014, that conviction was overturned on a technicality.","In 2014, that conviction was overturned on a technicality."
"joy to admiration: It was exhilarating and intimidating at the same time..... And I am prouder of Evita than anything else I have done.""","The feeling was both exhilarating and intimidating, and Evita is my greatest achievement."
"fear to nervousness: I had to lie on the couch every ten minutes so I could recover from dizzy spells, I was worried that I was shaking the baby around too much and that would injure it in some way.""","I had to lie on the couch every ten minutes so I could recover from dizzy spells, I was worried that I was shaking the baby around too much and that would injure it in some way."""
"realization to disappointment: These men came to London to become authors, only to discover that the literary market simply could not support large numbers of writers, who, in any case, were very poorly remunerated by the publishing-bookselling guilds.","These men came to London to become authors, only to discover that the literary market simply could not support large numbers of writers, who, in any case, were very poorly remunerated by the publishing-bookselling guilds."
confusion to disapproval: There is not any satisfactory theory on their origin.,There is not any satisfactory theory on their origin.
optimism to approval: This will enhance the education system of madaris in India.,This will enhance the education system of madaris in India.
"admiration to approval: John Chardin, a French traveler of the 17th century who visited the Safavid Persia, spoke approvingly of the vast cotton farms of Persia.","John Chardin, a French traveler of the 17th century who visited the Safavid Persia, spoke approvingly of the vast cotton farms of Persia."
"admiration to approval: Madonna received positive feedback for the album, with Rolling Stone writing that it was ""as close to art as pop music gets"".","Madonna received positive feedback for the album, with Rolling Stone writing that it was ""as close to art as pop music gets""."
"remorse to disapproval: Comcast released a statement explaining: ""We have spoken with our customer and apologized for this completely unacceptable and inappropriate name change.","According to a statement from Comcast, they have spoken with their customer and apologized for the name change that was considered completely unacceptable and inappropriate."
sadness to disappointment: It was the most costly riot in the United States.,The most expensive riot ever to take place in the United States happened.
gratitude to admiration: She's someone who has made a difference...with this book.,She's someone who has made a difference...with this book.
"admiration to approval: The collaboration garnered a positive response from both fans and critics, resulting in speculation about future projects together.","The collaboration garnered a positive response from both fans and critics, resulting in speculation about future projects together."
"anger to sadness: Second, I hated to see our country be the first to use such a weapon.""","Also, it troubled me to see our country being the pioneer in utilizing such a destructive weapon."
"admiration to approval: This is the world's largest shark sanctuary, extending the worldwide ocean area in which sharks are protected from 2,700,000 to 4,600,000 square kilometres (1,042,000 to 1,776,000 sq mi).","The protected area for sharks has been extended from 2,700,000 to 4,600,000 square kilometres (1,042,000 to 1,776,000 sq mi) across the oceans, making it the largest shark sanctuary in the world."
"joy to admiration: It makes me feel we can look the East End in the face"".",It empowers me to stand up to the East End.
"sadness to disappointment: A total of 2,400 people were deported, and very few survived.","The survival rate was low among the 2,400 individuals who were deported."
"disappointment to disapproval: Critics and fans reacted negatively, who commented that ""she had gone too far"" and that her career was over.","The reaction from her critics and fans was unfavorable, with many commenting that she had gone too far and that her career was over."
admiration to approval: Time commented with approval on his singing ability and visual similarity to Mercury.,Time commented with approval on his singing ability and visual similarity to Mercury.
"sadness to disappointment: Other notable Western performers, including Sting, have previously cancelled performances in the country over human rights concerns.","Other notable Western performers, including Sting, have previously cancelled performances in the country over human rights concerns."
"approval to desire: These goals are designed to eliminate poverty, discrimination, abuse and preventable deaths, address environmental destruction, and usher in an era of development for all people, everywhere.","These goals are designed to eliminate poverty, discrimination, abuse and preventable deaths, address environmental destruction, and usher in an era of development for all people, everywhere."
"sadness to disappointment: In absolute terms, the planet has lost 52% of its biodiversity since 1970 according to a 2014 study by the World Wildlife Fund.",The World Wildlife Fund's 2014 study found that the planet has undergone a 52% decline in biodiversity in absolute terms since 1970.
approval to realization: It now seems that segmentation can appear and disappear much more easily in the course of evolution than was previously thought.,It now seems that segmentation can appear and disappear much more easily in the course of evolution than was previously thought.
admiration to approval: It is the first non-Pixar film to win the award since the category was first introduced.,The award has been won by a non-Pixar film for the first time since the category's introduction.
"admiration to approval: His works remain popular, and he has been the subject of numerous films and biographies of varying degrees of historical accuracy.","His creations are still favored, and he has been depicted in numerous films and biographies that vary in their historical accuracy."
"admiration to approval: In many parts of the world football evokes great passions and plays an important role in the life of individual fans, local communities, and even nations.","In various regions of the world, football generates immense fervor and has a significant influence on the lives of individual enthusiasts, local neighborhoods, and even entire nations."
confusion to disappointment: Operation Ichi-go created a great sense of social confusion in the areas of China that it affected.,The areas of China affected by Operation Ichi-go were left in a state of social chaos.
admiration to approval: In recent years light emitting diodes (LEDs) are becoming increasingly efficient leading to an extraordinary increase in the use of solid state lighting.,In recent years light emitting diodes (LEDs) are becoming increasingly efficient leading to an extraordinary increase in the use of solid state lighting.
"confusion to disappointment: The United States faced a new uncertainty beginning in September 1949, when it lost its monopoly on the atomic bomb.","The United States faced a new uncertainty beginning in September 1949, when it lost its monopoly on the atomic bomb."
gratitude to approval: The force of his personality neutralized material difficulties as his soldiers fought with the confidence that with Napoleon in charge they would surely win.,The force of his personality neutralized material difficulties as his soldiers fought with the confidence that with Napoleon in charge they would surely win.
"sadness to disappointment: The Bronx became identified with a high rate of poverty and unemployment, which was mainly a persistent problem in the South Bronx.","The Bronx became identified with a high rate of poverty and unemployment, which was mainly a persistent problem in the South Bronx."
admiration to approval: With a population of over 1.5 million this makes the region one of the United Kingdom's most populous metropolitan areas.,"The region is home to one of the United Kingdom's most populous metropolitan areas, with a population exceeding 1.5 million."
"admiration to disappointment: The loss ended a spectacular season for the Cubs, one that brought alive a slumbering franchise and made the Cubs relevant for a whole new generation of Cubs fans.","The loss ended a spectacular season for the Cubs, one that brought alive a slumbering franchise and made the Cubs relevant for a whole new generation of Cubs fans."
admiration to approval: Tradition was sacred to ancient cultures and was unchanging and the social order of ceremony and morals in a culture could be strictly enforced.,Tradition was sacred to ancient cultures and was unchanging and the social order of ceremony and morals in a culture could be strictly enforced.
"excitement to admiration: In the film's first seven days it grossed £41.7 million ($63.8 million), breaking the UK record for highest first-week opening, set by Harry Potter and the Prisoner of Azkaban's £23.88 million ($36.9 million) in 2004.","In the film's first seven days it grossed £41.7 million ($63.8 million), breaking the UK record for highest first-week opening, set by Harry Potter and the Prisoner of Azkaban's £23.88 million ($36.9 million) in 2004."
"admiration to approval: Initially receiving mixed reviews, according to critic Steve Erlewine it is now ""generally regarded as the Rolling Stones' finest album"".","Initially receiving mixed reviews, according to critic Steve Erlewine it is now ""generally regarded as the Rolling Stones' finest album""."
"gratitude to realization: In the early 21st century, the population of Paris began to increase slowly again, as more young people moved into the city.","In the early 21st century, the population of Paris began to increase slowly again, as more young people moved into the city."
"realization to disappointment: By the year 2000, national leagues were established in almost every country throughout the world, as well as local or regional leagues for lower level teams, thus the significance of friendlies has seriously declined since the 19th century.","The introduction of national leagues in almost every country throughout the world, as well as local or regional leagues for lower-level teams, has led to a significant decrease in the importance of friendly matches since the 1800s."
"approval to realization: In the early decades of the twentieth century when there was a growing nostalgia for its sense of order, the style was revived and adapted and in the United States came to be known as the Colonial Revival.","In the early decades of the twentieth century when there was a growing nostalgia for its sense of order, the style was revived and adapted and in the United States came to be known as the Colonial Revival."
realization to disappointment: In the final decades of this era many plebeians grew poorer.,In the final decades of this era many plebeians grew poorer.
sadness to disappointment: The result was the ultimate bankruptcy of countless farmers.,The result was the ultimate bankruptcy of countless farmers.
"sadness to disappointment: But with it came a sting -- for while this naturally involves the floor leadership, he was deserted by his [partisan] associates and his career as a national figure terminated ingloriously.""","Still, there was a downside - as it demanded the cooperation of his partisan associates, he was deserted and his national reputation terminated dishonorably."
"admiration to approval: In the next century which is the beginning of the Classical period, it was considered that beauty in visible things as in everything else, consisted of symmetry and proportions.","The Classical period, which commenced in the next century, held that symmetry and proportions were the fundamental constituents of beauty in visible objects and everything else."
admiration to approval: Both are popular with international residents of the city.,Both are popular with international residents of the city.
"sadness to disappointment: In the second decade of the 21st century the Portuguese economy suffered its most severe recession since the 1970s resulting in the country having to be bailed out by the European Commission, European Central Bank and International Monetary Fund.","In the second decade of the 21st century the Portuguese economy suffered its most severe recession since the 1970s resulting in the country having to be bailed out by the European Commission, European Central Bank and International Monetary Fund."
"fear to nervousness: As he moved south, he drove off or captured British traders, alarming both the British and the Iroquois.","As he progressed southward, he either drove away or apprehended British traders, causing worry for both the British and the Iroquois."
"fear to nervousness: So worried were the Government over the sudden campaign of leaflets and posters distributed by the Communist Party in Coventry and London, that the Police were sent in to seize their production facilities.","So worried were the Government over the sudden campaign of leaflets and posters distributed by the Communist Party in Coventry and London, that the Police were sent in to seize their production facilities."
"sadness to disappointment: During his reign his people endured the hardships of war, and imperial power was eroded.","During his reign his people endured the hardships of war, and imperial power was eroded."
sadness to disappointment: Over 100 mortgage lenders went bankrupt during 2007 and 2008.,Over 100 mortgage lenders went bankrupt during 2007 and 2008.
"admiration to surprise: The spirit it is impossible not to admire; but the old Parisian ferocity has broken out in a shocking manner"".","The spirit it is impossible not to admire; but the old Parisian ferocity has broken out in a shocking manner""."
"fear to nervousness: By 1213, though, John was increasingly worried about the threat of French invasion.",The French invasion threat was causing John to feel more and more uneasy by 1213.
caring to fear: He feared that his dependence on Chinese officials left him vulnerable to future revolts and defections to the Song.,He feared that his dependence on Chinese officials left him vulnerable to future revolts and defections to the Song.
"admiration to approval: The Power Macintosh line, the first to use the new chips, proved to be highly successful, with over a million PowerPC units sold in nine months.","The Power Macintosh line, the first to use the new chips, proved to be highly successful, with over a million PowerPC units sold in nine months."
"approval to caring: Don't worry if it's not true—so long as there's not too much of a fuss about it afterwards.""","Don't worry if it's not true—so long as there's not too much of a fuss about it afterwards."""
admiration to approval: The high annual incident solar irradiance at its geographic latitude creates ideal conditions for what is an internationally renowned solar research and development industry in the Negev Desert.,"The internationally renowned solar research and development industry in the Negev Desert is made possible by the high annual incident solar irradiance at its geographic latitude, which creates ideal conditions."
"admiration to approval: Many Israelis communicate reasonably well in English, as many television programs are broadcast in English with subtitles and the language is taught from the early grades in elementary school.","Many Israelis communicate reasonably well in English, as many television programs are broadcast in English with subtitles and the language is taught from the early grades in elementary school."
admiration to approval: Israel is a leading country in the development of solar energy.,Israel is a leading country in the development of solar energy.
admiration to approval: Pleasurable work conditions are ranked as being more preferable than a high salary and implacable work.,Pleasurable work conditions are ranked as being more preferable than a high salary and implacable work.
"admiration to approval: It is in the great churches and cathedrals and in a number of civic buildings that the Gothic style was expressed most powerfully, its characteristics lending themselves to appeals to the emotions, whether springing from faith or from civic pride.","It is in the great churches and cathedrals and in a number of civic buildings that the Gothic style was expressed most powerfully, its characteristics lending themselves to appeals to the emotions, whether springing from faith or from civic pride."
"sadness to disappointment: In many areas, the housing market also suffered, resulting in evictions, foreclosures and prolonged unemployment.","The real estate market in multiple areas also underwent a decline, leading to evictions, foreclosures, and extended unemployment."
"approval to desire: Its mission is to provide high quality education, training and research in the areas of science and technology to produce qualified professionals that can apply their knowledge and skills in the country's development.","The goal is to provide high-quality education, training, and research in science and technology to generate qualified professionals who can utilize their knowledge and skills to contribute to the country's growth."
"pride to admiration: Mayor W. Haydon Burns' Jacksonville Story resulted in the construction of a new city hall, civic auditorium, public library and other projects that created a dynamic sense of civic pride.","The Jacksonville Story of Mayor W. Haydon Burns led to the creation of a new city hall, civic auditorium, public library, and other endeavors that produced a dynamic sense of civic pride."
"approval to caring: In consequence, he has the right to be looked after in the event of ill health; disability stemming from his work; widowhood; old age; enforced unemployment; or whenever through no fault of his own he is deprived of the means of livelihood.""","Hence, he is entitled to be looked after if he becomes ill, disabled due to work, widowed, elderly, involuntarily unemployed, or deprived of his livelihood through no fault of his own."
"joy to admiration: He enjoyed gambling, in particular at backgammon, and was an enthusiastic hunter, even by medieval standards.","His enjoyment of gambling, especially at backgammon, and his zeal for hunting were exceptional even by medieval measures."
"admiration to approval: Art in Kathmandu is vibrant, demonstrating a fusion of traditionalism and modern art, derived from a great number of national, Asian, and global influences.","The art community in Kathmandu is vibrant, displaying a mix of traditional and contemporary art, influenced by numerous national, Asian, and global factors."
admiration to approval: These tracks were well received in Chicago and played on Chicago radio and in clubs.,The tracks were positively received in Chicago and played on both radio and in clubs.
"admiration to approval: As of June 2014, 84 million Xbox 360 consoles have been sold worldwide, making it the sixth-highest-selling video game console in history, and the highest-selling console made by an American company.","As of June 2014, 84 million Xbox 360 consoles have been sold worldwide, making it the sixth-highest-selling video game console in history, and the highest-selling console made by an American company."
